"week","rank","keyword","priority","score","searchVolume","cpc","status","recommendedPageType","suggestedUrl","productOwner","salesOwner","requiredCta","internalLinks","competitorUrls"
"1","1","fast bridging loan","P1","254","1300","36.349998474121094","missing","Supporting service page","/guides/fast-bridging-loan","Bridging, refurbishment and development exit","Founder / originator","Submit a deal / Ask for indicative terms","Deal room; relevant calculator; relevant guide; relevant location page","https://brickflow.com/bridging-finance/fast-bridging-loan; https://abcfinance.co.uk/bridging-loans/fast-bridging-loans/; https://www.affirmativefinance.co.uk/; https://alternativebridging.co.uk/quick-bridging-loans/; https://bridgingfinance-solutions.co.uk/what-we-do/fast-bridging-loans/"
"1","2","fast bridging loans","P1","226","1300","36.349998474121094","missing","Supporting service page","/guides/fast-bridging-loans","Bridging, refurbishment and development exit","Founder / originator","Submit a deal / Ask for indicative terms","Deal room; relevant calculator; relevant guide; relevant location page","https://brickflow.com/bridging-finance/fast-bridging-loan; https://abcfinance.co.uk/bridging-loans/fast-bridging-loans/; https://alternativebridging.co.uk/product/bridging-loans/; https://bridgingfinance-solutions.co.uk/fast-bridging-loans-explained-secure-funding-in-as-little-as-48-hours/; http://www.closepropertyfinance.com/bridging-finance"
"1","3","fast bridging finance","P1","223","1000","43.150001525878906","missing","Supporting service page","/guides/fast-bridging-finance","Bridging, refurbishment and development exit","Founder / originator","Submit a deal / Ask for indicative terms","Deal room; relevant calculator; relevant guide; relevant location page","https://brickflow.com/bridging-finance/fast-bridging-loan; https://www.affirmativefinance.co.uk/; https://alternativebridging.co.uk/quick-bridging-loans/; https://bridgingfinance-solutions.co.uk/what-we-do/fast-bridging-loans/; https://ldnfinance.co.uk/specialist-finance/bridging-loan/fast-bridging-finance/"
"1","4","bridging loan property development","P1","221","390","39.650001525878906","underperforming","Supporting service page","/guides/bridging-loan-property-development","Bridging, refurbishment and development exit","Founder / originator","Submit a deal / Ask for indicative terms","Deal room; relevant calculator; relevant guide; relevant location page","https://alternativebridging.co.uk/product/property-development-finance/; https://www.ariafinance.co.uk/broker-hub/blog/5-reasons-why-a-bridging-loan-is-the-answer-to-your-property-development-challenges; https://blgdevelopmentfinance.co.uk/; https://bridgingfinance-solutions.co.uk/property-development-guide/; https://hunterfinance.co.uk/guides/development-finance-vs-bridging-loans-whats-the-difference/"
"1","5","development exit finance","P1","219","720","39.689998626708984","underperforming","Supporting service page","/guides/development-exit-finance","Bridging, refurbishment and development exit","Founder / originator","Submit a deal / Ask for indicative terms","Deal room; relevant calculator; relevant guide; relevant location page","https://mspcapital.co.uk/bridging-loans/development-exit-bridging-loan/; https://www.lendinvest.com/mortgages/help/borrowers/development-exit-finance/; https://www.ariafinance.co.uk/bridging-loans/development-exit; https://bridgingloandirectory.co.uk/guides/development-exit-finance-guide/; https://ldnfinance.co.uk/specialist-finance/development/development-exit-finance/"
"1","6","fastest bridging loan","P1","214","1000","43.150001525878906","missing","Supporting service page","/guides/fastest-bridging-loan","Bridging, refurbishment and development exit","Founder / originator","Submit a deal / Ask for indicative terms","Deal room; relevant calculator; relevant guide; relevant location page","https://brickflow.com/bridging-finance/fast-bridging-loan; https://bridgingfinance-solutions.co.uk/fast-bridging-loans-explained-secure-funding-in-as-little-as-48-hours/; https://bridgingloandirectory.co.uk/guides/how-fast-can-you-get-a-bridging-loan-timelines-tips/; https://ldnfinance.co.uk/specialist-finance/bridging-loan/fast-bridging-finance/"
"1","7","bridging finance property development","P1","213","390","39.650001525878906","missing","Supporting service page","/guides/bridging-finance-property-development","Bridging, refurbishment and development exit","Founder / originator","Submit a deal / Ask for indicative terms","Deal room; relevant calculator; relevant guide; relevant location page","https://www.lendinvest.com/blog/bridging-loan-advice-how-to-use-bridging-finance-for-property-development/; https://alternativebridging.co.uk/product/property-development-finance/; https://www.ariafinance.co.uk/broker-hub/blog/5-reasons-why-a-bridging-loan-is-the-answer-to-your-property-development-challenges; https://bridgingfinance-solutions.co.uk/what-we-do/property-development-finance/; https://hunterfinance.co.uk/guides/development-finance-vs-bridging-loans-whats-the-difference/"
"1","8","bridging loan fast","P1","205","1300","36.349998474121094","missing","Supporting service page","/guides/bridging-loan-fast","Bridging, refurbishment and development exit","Founder / originator","Submit a deal / Ask for indicative terms","Deal room; relevant calculator; relevant guide; relevant location page","https://brickflow.com/bridging-finance/fast-bridging-loan; https://alternativebridging.co.uk/quick-bridging-loans/; https://bridgingfinance-solutions.co.uk/fast-bridging-loans-explained-secure-funding-in-as-little-as-48-hours/; https://www.ennessglobal.com/insights/blog/how-get-fast-bridging-loan"
"1","9","bridging loans brokers","P1","204","720","23.079999923706055","missing","Commercial landing page","/services/bridging-loans-brokers","Bridging, refurbishment and development exit","Founder / originator","Submit a deal / Ask for indicative terms","Deal room; relevant calculator; relevant guide; relevant location page","https://brickflow.com/broker-directory/bridging-finance-brokers; https://www.affirmativefinance.co.uk/; https://www.ariafinance.co.uk/bridging-loans; https://www.articusfinance.com/bridging-loans; https://bridgingfinance-solutions.co.uk/"
"1","10","quick bridging loans","P1","203","1000","43.150001525878906","missing","Supporting service page","/guides/quick-bridging-loans","Bridging, refurbishment and development exit","Founder / originator","Submit a deal / Ask for indicative terms","Deal room; relevant calculator; relevant guide; relevant location page","https://brickflow.com/bridging-finance/fast-bridging-loan; https://alternativebridging.co.uk/quick-bridging-loans/; https://bridgingfinance-solutions.co.uk/fast-bridging-loans-explained-secure-funding-in-as-little-as-48-hours/"
"2","11","quick bridging loan","P1","201","1300","36.349998474121094","missing","Supporting service page","/guides/quick-bridging-loan","Bridging, refurbishment and development exit","Founder / originator","Submit a deal / Ask for indicative terms","Deal room; relevant calculator; relevant guide; relevant location page","https://brickflow.com/bridging-finance/fast-bridging-loan; https://alternativebridging.co.uk/quick-bridging-loans/; https://bridgingfinance-solutions.co.uk/fast-bridging-loans-explained-secure-funding-in-as-little-as-48-hours/; https://www.ennessglobal.com/insights/blog/how-get-fast-bridging-loan"
"2","12","commercial bridge loan","P1","200","1000","31.389999389648438","missing","Supporting service page","/guides/commercial-bridge-loan","Bridging, refurbishment and development exit","Founder / originator","Submit a deal / Ask for indicative terms","Deal room; relevant calculator; relevant guide; relevant location page","https://brickflow.com/bridging-finance/commercial-bridging-loans; https://rangewell.com/commercial-property/guides/what-you-need-to-know-about-commercial-bridging-loans; https://mspcapital.co.uk/bridging-loans/commercial-bridging-loan/; https://alternativebridging.co.uk/product/commercial-bridging-loans/; https://bridgingloandirectory.co.uk/guides/a-guide-to-commercial-bridging-loans/"
"2","13","loan for property development","P1","192","1000","14.970000267028809","missing","Supporting service page","/guides/loan-for-property-development","Senior development finance","Founder / originator","Submit a deal / Ask for indicative terms","Deal room; relevant calculator; relevant guide; relevant location page","https://brickflow.com/brickflow-thinks/how-does-property-development-finance-work; https://www.affirmativefinance.co.uk/helpful-guides/development-finance/; https://alternativebridging.co.uk/product/property-development-finance/; https://bridgingfinance-solutions.co.uk/what-we-do/property-development-finance/; https://www.buildstore.co.uk/mortgages-finance/short-term-funding-solutions/development-finance"
"2","14","commercial bridging loans","P1","190","880","38.20000076293945","missing","Supporting service page","/guides/commercial-bridging-loans","Bridging, refurbishment and development exit","Founder / originator","Submit a deal / Ask for indicative terms","Deal room; relevant calculator; relevant guide; relevant location page","https://brickflow.com/bridging-finance/commercial-bridging-loans; https://alternativebridging.co.uk/a-guide-to-successful-commercial-bridging-finance/; https://bridgingfinance-solutions.co.uk/5-smart-ways-to-use-commercial-bridging-loans/"
"2","15","uk bridging finance","P1","188","2900","16.59000015258789","missing","Supporting service page","/guides/uk-bridging-finance","Bridging, refurbishment and development exit","Founder / originator","Submit a deal / Ask for indicative terms","Deal room; relevant calculator; relevant guide; relevant location page","https://brickflow.com/bridging-loan-lenders; https://www.lendinvest.com/blog/uk-bridging-loans-market-2024-trends-opportunities-and-challenges/; https://alternativebridging.co.uk/product/bridging-loans/; https://bridgingfinance-solutions.co.uk/; https://bridgingloandirectory.co.uk/"
"2","16","property development finance in scotland","P1","183","480","25.670000076293945","missing","Expert guide plus planning-data examples","/guides/property-development-finance-in-scotland","Senior development finance","Founder / originator","Submit a deal / Ask for indicative terms","Deal room; relevant calculator; relevant guide; relevant location page","https://www.lendinvest.com/capital/development-finance/; https://www.affirmativefinance.co.uk/service/development-finance/; https://blgdevelopmentfinance.co.uk/; https://bridgingfinance-solutions.co.uk/bridging-loans-in-scotland-fast-property-finance-explained/; http://www.closepropertyfinance.com/development-finance"
"2","17","development finance lender","P1","182","390","19.110000610351562","missing","Commercial landing page","/services/development-finance-lender","Senior development finance","Founder / originator","Submit a deal / Ask for indicative terms","Deal room; relevant calculator; relevant guide; relevant location page","https://mspcapital.co.uk/how-does-development-finance-work/; https://alternativebridging.co.uk/product/property-development-finance/; https://www.ariafinance.co.uk/development-finance; https://blgdevelopmentfinance.co.uk/; https://hunterfinance.co.uk/development-finance/"
"2","18","commercial development financing","P1","180","210","30.440000534057617","missing","Supporting service page","/guides/commercial-development-financing","Senior development finance","Founder / originator","Submit a deal / Ask for indicative terms","Deal room; relevant calculator; relevant guide; relevant location page","https://mspcapital.co.uk/development-finance/commercial-development-loan/; https://blgdevelopmentfinance.co.uk/products/commercial-development-finance/; http://www.closepropertyfinance.com/development-finance; https://hunterfinance.co.uk/guides/guide-to-commercial-property-development-finance/"
"2","19","bridging loan for property development","P1","178","390","22.139999389648438","underperforming","Supporting service page","/guides/bridging-loan-for-property-development","Bridging, refurbishment and development exit","Founder / originator","Submit a deal / Ask for indicative terms","Deal room; relevant calculator; relevant guide; relevant location page","https://www.affirmativefinance.co.uk/helpful-guides/bridging-finance/; https://alternativebridging.co.uk/product/property-development-finance/; https://www.ariafinance.co.uk/bridging-loans/bridging-loan-for-property-development; https://blgdevelopmentfinance.co.uk/; https://hunterfinance.co.uk/guides/development-finance-vs-bridging-loans-whats-the-difference/"
"2","20","bridging finance uk","P1","176","2900","16.59000015258789","missing","Supporting service page","/guides/bridging-finance-uk","Bridging, refurbishment and development exit","Founder / originator","Submit a deal / Ask for indicative terms","Deal room; relevant calculator; relevant guide; relevant location page","https://www.cliftonpf.co.uk/bridging-loans/fast-bridging-loans/; https://brickflow.com/bridging-loan-lenders; https://www.kisbridgingloans.co.uk/bridging-loan/; https://www.affirmativefinance.co.uk/helpful-guides/bridging-finance/; https://bridgingloandirectory.co.uk/"
"3","21","development finance property","P1","176","720","13.3100004196167","missing","Supporting service page","/guides/development-finance-property","Senior development finance","Founder / originator","Submit a deal / Ask for indicative terms","Deal room; relevant calculator; relevant guide; relevant location page","https://mspcapital.co.uk/how-does-development-finance-work/; https://alternativebridging.co.uk/product/property-development-finance/; https://blgdevelopmentfinance.co.uk/; https://bridgingfinance-solutions.co.uk/what-we-do/property-development-finance/; https://www.buildstore.co.uk/mortgages-finance/short-term-funding-solutions/development-finance"
"3","22","bridging finance broker","P1","174","720","23.079999923706055","missing","Commercial landing page","/services/bridging-finance-broker","Bridging, refurbishment and development exit","Founder / originator","Submit a deal / Ask for indicative terms","Deal room; relevant calculator; relevant guide; relevant location page","https://brickflow.com/broker-directory/bridging-finance-brokers; https://www.ariafinance.co.uk/bridging-loans; https://bridgingfinance-solutions.co.uk/; https://bridgingloandirectory.co.uk/guides/what-does-a-bridging-loan-broker-do/"
"3","23","lending for property development","P1","172","1000","16.540000915527344","missing","Supporting service page","/guides/lending-for-property-development","Senior development finance","Founder / originator","Submit a deal / Ask for indicative terms","Deal room; relevant calculator; relevant guide; relevant location page","https://brickflow.com/development-finance; https://blgdevelopmentfinance.co.uk/; https://www.buildstore.co.uk/mortgages-finance/short-term-funding-solutions/development-finance; https://hunterfinance.co.uk/development-finance/; https://ldnfinance.co.uk/specialist-finance/development/"
"3","24","bridge loan london","P1","172","590","17.6299991607666","missing","Location/service page","/locations/[county]/[town]/bridge-loan-london","Bridging, refurbishment and development exit","Founder / originator","Submit a deal / Ask for indicative terms","Deal room; relevant calculator; relevant guide; relevant location page","https://mspcapital.co.uk/bridging-loans/; https://www.lendinvest.com/mortgages/bridging-finance/; https://alternativebridging.co.uk/; https://www.articusfinance.com/bridging-loans; https://ldnfinance.co.uk/specialist-finance/bridging-loan/"
"3","25","property development loan","P1","172","1000","16.540000915527344","missing","Supporting service page","/guides/property-development-loan","Senior development finance","Founder / originator","Submit a deal / Ask for indicative terms","Deal room; relevant calculator; relevant guide; relevant location page","https://brickflow.com/development-finance; https://mspcapital.co.uk/how-does-development-finance-work/; https://blgdevelopmentfinance.co.uk/; https://www.buildstore.co.uk/mortgages-finance/short-term-funding-solutions/development-finance; https://ldnfinance.co.uk/specialist-finance/development/"
"3","26","development exit loan","P1","171","90","37.06999969482422","missing","Supporting service page","/guides/development-exit-loan","Bridging, refurbishment and development exit","Founder / originator","Submit a deal / Ask for indicative terms","Deal room; relevant calculator; relevant guide; relevant location page","https://mspcapital.co.uk/bridging-loans/development-exit-bridging-loan/; https://blgdevelopmentfinance.co.uk/advice/developer-exit-loans-a-lifeline-for-property-developers-facing-financial-challenges/; https://hunterfinance.co.uk/guides/your-guide-to-development-exit-finance/"
"3","27","bridge loan commercial","P1","168","140","55.040000915527344","missing","Supporting service page","/guides/bridge-loan-commercial","Bridging, refurbishment and development exit","Founder / originator","Submit a deal / Ask for indicative terms","Deal room; relevant calculator; relevant guide; relevant location page","https://mspcapital.co.uk/bridging-loans/commercial-bridging-loan/"
"3","28","bridging loans broker","P1","168","720","23.079999923706055","missing","Commercial landing page","/services/bridging-loans-broker","Bridging, refurbishment and development exit","Founder / originator","Submit a deal / Ask for indicative terms","Deal room; relevant calculator; relevant guide; relevant location page","https://www.ariafinance.co.uk/; https://www.articusfinance.com/residential-bridging-loans; https://bridgingloandirectory.co.uk/bridging-loan-brokers/; https://ldnfinance.co.uk/specialist-finance/bridging-loan/"
"3","29","regulated bridging loan","P1","168","390","21.479999542236328","missing","Supporting service page","/guides/regulated-bridging-loan","Bridging, refurbishment and development exit","Founder / originator","Submit a deal / Ask for indicative terms","Deal room; relevant calculator; relevant guide; relevant location page","https://www.affirmativefinance.co.uk/; https://alternativebridging.co.uk/product/regulated-loans-2/; https://www.ariafinance.co.uk/bridging-loans; https://bridgingfinance-solutions.co.uk/regulated-bridging-loans-guide/"
"3","30","bridging loan interest rates","P1","167","1300","7.670000076293945","missing","Calculator or rate guide","/calculators/bridging-loan-interest-rates","Bridging, refurbishment and development exit","Founder / originator","Submit a deal / Ask for indicative terms","Deal room; relevant calculator; relevant guide; relevant location page","https://brickflow.com/brickflow-thinks/bridging-loan-interest-rates; https://abcfinance.co.uk/bridging-loans/; https://www.lendinvest.com/intermediaries/calculators/bridging-finance/; https://bridgingfinance-solutions.co.uk/bridging-loan-interest-rates/; https://bridgingloandirectory.co.uk/guides/bridging-loan-interest-rates-how-they-work-what-to-expect/"
"4","31","development finance loans","P1","167","390","19.110000610351562","missing","Supporting service page","/guides/development-finance-loans","Senior development finance","Founder / originator","Submit a deal / Ask for indicative terms","Deal room; relevant calculator; relevant guide; relevant location page","https://mspcapital.co.uk/how-does-development-finance-work/; https://www.lendinvest.com/capital/development-finance/; https://www.affirmativefinance.co.uk/helpful-guides/development-finance/; https://blgdevelopmentfinance.co.uk/; http://www.closepropertyfinance.com/development-finance"
"4","32","uk property development finance","P1","166","110","45.0099983215332","missing","Supporting service page","/guides/uk-property-development-finance","Senior development finance","Founder / originator","Submit a deal / Ask for indicative terms","Deal room; relevant calculator; relevant guide; relevant location page","https://blgdevelopmentfinance.co.uk/"
"4","33","loans for development","P1","166","480","19.360000610351562","missing","Supporting service page","/guides/loans-for-development","Senior development finance","Founder / originator","Submit a deal / Ask for indicative terms","Deal room; relevant calculator; relevant guide; relevant location page","https://mspcapital.co.uk/how-does-development-finance-work/; https://www.lendinvest.com/capital/development-finance/; https://alternativebridging.co.uk/product/property-development-finance/; https://blgdevelopmentfinance.co.uk/; https://hunterfinance.co.uk/development-finance/"
"4","34","bridging finance on property","P1","164","720","16.239999771118164","missing","Supporting service page","/guides/bridging-finance-on-property","Bridging, refurbishment and development exit","Founder / originator","Submit a deal / Ask for indicative terms","Deal room; relevant calculator; relevant guide; relevant location page","https://brickflow.com/bridging-finance; https://www.lendinvest.com/mortgages/bridging-finance/; https://www.affirmativefinance.co.uk/service/private-individuals/; https://www.articusfinance.com/bridging-loans; https://bridgingfinance-solutions.co.uk/what-we-do/fast-bridging-loans/fast-property-purchase-bridging/"
"4","35","bridging loan scotland","P1","164","1600","14.890000343322754","missing","Expert guide plus planning-data examples","/guides/bridging-loan-scotland","Bridging, refurbishment and development exit","Founder / originator","Submit a deal / Ask for indicative terms","Deal room; relevant calculator; relevant guide; relevant location page","https://abcfinance.co.uk/bridging-loans/bridging-loans-in-scotland/; https://alternativebridging.co.uk/product/bridging-loans/; https://bridgingfinance-solutions.co.uk/bridging-loans-in-scotland-fast-property-finance-explained/; https://bridgingloandirectory.co.uk/royal-bank-of-scotland-bridging-loans/"
"4","36","development exit loans","P1","160","90","37.06999969482422","missing","Supporting service page","/guides/development-exit-loans","Bridging, refurbishment and development exit","Founder / originator","Submit a deal / Ask for indicative terms","Deal room; relevant calculator; relevant guide; relevant location page","https://mspcapital.co.uk/bridging-loans/development-exit-bridging-loan/; https://blgdevelopmentfinance.co.uk/advice/developer-exit-loans-a-lifeline-for-property-developers-facing-financial-challenges/"
"4","37","uk bridging loan","P1","160","2900","16.59000015258789","missing","Supporting service page","/guides/uk-bridging-loan","Bridging, refurbishment and development exit","Founder / originator","Submit a deal / Ask for indicative terms","Deal room; relevant calculator; relevant guide; relevant location page","https://brickflow.com/bridging-loan-lenders; https://bridgingfinance-solutions.co.uk/; https://bridgingloandirectory.co.uk/; https://www.ennessglobal.com/insights/blog/bridging-finance-in-the-uk"
"4","38","regulated bridging loans","P1","160","390","21.479999542236328","missing","Supporting service page","/guides/regulated-bridging-loans","Bridging, refurbishment and development exit","Founder / originator","Submit a deal / Ask for indicative terms","Deal room; relevant calculator; relevant guide; relevant location page","https://www.affirmativefinance.co.uk/; https://alternativebridging.co.uk/product/bridging-loans/; https://www.ariafinance.co.uk/bridging-loans; https://bridgingfinance-solutions.co.uk/regulated-bridging-loans-guide/"
"4","39","bridging loan brokers","P1","159","880","19.010000228881836","missing","Commercial landing page","/services/bridging-loan-brokers","Bridging, refurbishment and development exit","Founder / originator","Submit a deal / Ask for indicative terms","Deal room; relevant calculator; relevant guide; relevant location page","https://brickflow.com/broker-directory/bridging-finance-brokers; https://www.ariafinance.co.uk/bridging-loans; https://bridgingfinance-solutions.co.uk/; https://bridgingloandirectory.co.uk/bridging-loan-brokers/"
"4","40","loans for property development","P1","158","1000","14.970000267028809","missing","Supporting service page","/guides/loans-for-property-development","Senior development finance","Founder / originator","Submit a deal / Ask for indicative terms","Deal room; relevant calculator; relevant guide; relevant location page","https://brickflow.com/development-finance-lenders; https://blgdevelopmentfinance.co.uk/; https://hunterfinance.co.uk/development-finance/; https://ldnfinance.co.uk/specialist-finance/development/"
"5","41","commercial development finance","P1","158","210","13.359999656677246","missing","Supporting service page","/guides/commercial-development-finance","Senior development finance","Founder / originator","Submit a deal / Ask for indicative terms","Deal room; relevant calculator; relevant guide; relevant location page","https://mspcapital.co.uk/development-finance/commercial-development-loan/; https://www.ariafinance.co.uk/a-beginners-guide-to-development-finance; https://blgdevelopmentfinance.co.uk/products/commercial-development-finance/; http://www.closepropertyfinance.com/development-finance; https://hunterfinance.co.uk/guides/guide-to-commercial-property-development-finance/"
"5","42","development finance lenders","P1","157","390","19.030000686645508","missing","Commercial landing page","/services/development-finance-lenders","Senior development finance","Founder / originator","Submit a deal / Ask for indicative terms","Deal room; relevant calculator; relevant guide; relevant location page","https://www.affirmativefinance.co.uk/; https://blgdevelopmentfinance.co.uk/; https://hunterfinance.co.uk/development-finance/; https://ldnfinance.co.uk/specialist-finance/development/overseas-development-finance/"
"5","43","quick bridge loan","P1","157","1000","43.150001525878906","missing","Supporting service page","/guides/quick-bridge-loan","Bridging, refurbishment and development exit","Founder / originator","Submit a deal / Ask for indicative terms","Deal room; relevant calculator; relevant guide; relevant location page","https://alternativebridging.co.uk/quick-bridging-loans/"
"5","44","bridging loan companies","P1","156","170","34.34000015258789","missing","Supporting service page","/guides/bridging-loan-companies","Bridging, refurbishment and development exit","Founder / originator","Submit a deal / Ask for indicative terms","Deal room; relevant calculator; relevant guide; relevant location page","https://www.affirmativefinance.co.uk/; https://bridgingfinance-solutions.co.uk/"
"5","45","business bridging loan","P1","154","320","46.040000915527344","missing","Supporting service page","/guides/business-bridging-loan","Bridging, refurbishment and development exit","Founder / originator","Submit a deal / Ask for indicative terms","Deal room; relevant calculator; relevant guide; relevant location page","https://www.affirmativefinance.co.uk/"
"5","46","residential bridging loans","P1","150","590","19.489999771118164","missing","Supporting service page","/guides/residential-bridging-loans","Bridging, refurbishment and development exit","Founder / originator","Submit a deal / Ask for indicative terms","Deal room; relevant calculator; relevant guide; relevant location page","https://www.lendinvest.com/blog/bridging-loan-examples-residential-bridging-loans/; https://www.affirmativefinance.co.uk/service/private-individuals/; https://alternativebridging.co.uk/how-residential-bridging-loans-can-avoid-mortgage-delays/"
"5","47","bridge loan lender","P1","150","210","31.110000610351562","missing","Commercial landing page","/services/bridge-loan-lender","Bridging, refurbishment and development exit","Founder / originator","Submit a deal / Ask for indicative terms","Deal room; relevant calculator; relevant guide; relevant location page","https://mspcapital.co.uk/bridging-loans/; https://www.ariafinance.co.uk/bridging-loans; https://bridgingfinance-solutions.co.uk/"
"5","48","finance for property development","P1","150","720","13.3100004196167","missing","Supporting service page","/guides/finance-for-property-development","Senior development finance","Founder / originator","Submit a deal / Ask for indicative terms","Deal room; relevant calculator; relevant guide; relevant location page","https://alternativebridging.co.uk/product/property-development-finance/; https://blgdevelopmentfinance.co.uk/; https://bridgingfinance-solutions.co.uk/how-to-get-finance-for-property-developers/; https://ldnfinance.co.uk/specialist-finance/development/"
"5","49","bridging loans scotland","P1","149","1900","10.6899995803833","missing","Expert guide plus planning-data examples","/guides/bridging-loans-scotland","Bridging, refurbishment and development exit","Founder / originator","Submit a deal / Ask for indicative terms","Deal room; relevant calculator; relevant guide; relevant location page","https://abcfinance.co.uk/bridging-loans/bridging-loans-in-scotland/; https://alternativebridging.co.uk/product/bridging-loans/; https://bridgingfinance-solutions.co.uk/bridging-loans-in-scotland-fast-property-finance-explained/; https://bridgingloandirectory.co.uk/royal-bank-of-scotland-bridging-loans/"
"5","50","what is a bridging loan","P1","149","3600","4.269999980926514","missing","Long-form guide","/guides/what-is-a-bridging-loan","Bridging, refurbishment and development exit","Founder / originator","Submit a deal / Ask for indicative terms","Deal room; relevant calculator; relevant guide; relevant location page","https://brickflow.com/brickflow-guides/bridging-loans-explained; https://www.commercialtrust.co.uk/news/what-is-a-bridging-loan/; https://www.kisbridgingloans.co.uk/bridging-loan/; https://capitalise.com/gb/business-finance/property-finance/bridging-loans; https://www.ennessglobal.com/insights/video-library/what-are-bridging-loans-and-how-can-they-benefit"
